com.samsung.shealth.tracker.floors_day_summary,6307003,1
create_sh_ver,binning_data,modify_sh_ver,update_time,create_time,floor_count,version_code,deviceuuid,pkg_name,datauuid,day_time
63060070,8690f4e5-e5de-40d3-aa71-73c9c118e141.binning_data.json,63070030,2025-12-16 01:01:39.721,2025-12-10 14:24:00.882,13,2,bvFPH0+ZC9,com.sec.android.app.shealth,8690f4e5-e5de-40d3-aa71-73c9c118e141,1765324800000,
63060070,,63070030,2025-12-16 01:01:39.838,2025-12-10 14:24:01.024,22,1,bvFPH0+ZC9,com.sec.android.app.shealth,e372e6a7-bb3d-41f5-bea5-2bc628e20d21,1764979200000,
63060070,,63070030,2025-12-16 01:01:39.863,2025-12-10 14:24:01.037,2,1,bvFPH0+ZC9,com.sec.android.app.shealth,74a7121d-fa69-4dcd-b9fe-47d92be589ae,1764806400000,
63060070,,63070030,2025-12-16 01:01:39.875,2025-12-10 14:24:01.060,3,1,bvFPH0+ZC9,com.sec.android.app.shealth,5abc632e-81f8-4cfb-9cce-3eb3a25abc46,1765238400000,
63060070,601dd100-ef53-4f45-8246-35d774292293.binning_data.json,63070030,2025-12-16 01:01:39.812,2025-12-11 12:08:42.685,7,2,bvFPH0+ZC9,com.sec.android.app.shealth,601dd100-ef53-4f45-8246-35d774292293,1765411200000,
63060070,,63060070,2025-12-12 13:16:12.890,2025-12-12 13:16:12.890,2,1,bvFPH0+ZC9,com.sec.android.app.shealth,660c91a1-3f98-4401-867b-9fd6c2c9467a,1710547200000,
63060070,,63060070,2025-12-12 13:16:12.927,2025-12-12 13:16:12.927,10,1,bvFPH0+ZC9,com.sec.android.app.shealth,fb262668-8462-423f-b276-262d6c5c6cbd,1723248000000,
63060070,,63060070,2025-12-12 13:16:12.944,2025-12-12 13:16:12.944,4,1,bvFPH0+ZC9,com.sec.android.app.shealth,f7592e55-5057-4250-9096-7642d878b0c8,1724976000000,
63060070,,63060070,2025-12-12 13:16:12.955,2025-12-12 13:16:12.955,2,1,bvFPH0+ZC9,com.sec.android.app.shealth,68b9a57b-38f0-4370-8f45-97b44f23b0af,1726704000000,
63060070,,63060070,2025-12-12 13:16:12.982,2025-12-12 13:16:12.982,9,1,bvFPH0+ZC9,com.sec.android.app.shealth,c92298f8-8571-4c52-a702-fe56c13df3d3,1719792000000,
63060070,,63060070,2025-12-12 13:16:13.001,2025-12-12 13:16:13.001,7,1,bvFPH0+ZC9,com.sec.android.app.shealth,81724c1d-5d97-44f1-ac12-5e4f74bce693,1704758400000,
63060070,,63060070,2025-12-12 13:16:13.017,2025-12-12 13:16:13.017,1,1,bvFPH0+ZC9,com.sec.android.app.shealth,8e2d4e21-784a-44f2-b7b1-fae83d112dea,1718064000000,
63060070,,63060070,2025-12-12 13:16:13.031,2025-12-12 13:16:13.031,1,1,bvFPH0+ZC9,com.sec.android.app.shealth,fa024baf-866b-44a3-a0e7-49e56e2deb1b,1703030400000,
63060070,,63060070,2025-12-12 13:16:13.039,2025-12-12 13:16:13.039,1,1,bvFPH0+ZC9,com.sec.android.app.shealth,fb3b7163-d8f8-4985-9317-720403f8b608,1706486400000,
63060070,,63060070,2025-12-12 13:16:13.050,2025-12-12 13:16:13.050,4,1,bvFPH0+ZC9,com.sec.android.app.shealth,e6be8915-d788-41fe-8485-2e88e3ae475d,1701302400000,
63060070,,63060070,2025-12-12 13:16:13.079,2025-12-12 13:16:13.079,3,1,bvFPH0+ZC9,com.sec.android.app.shealth,def35467-49d0-4891-be97-4bcce28c2ddf,1699574400000,
63060070,,63060070,2025-12-12 13:16:13.108,2025-12-12 13:16:13.108,1,1,bvFPH0+ZC9,com.sec.android.app.shealth,416534b5-5c34-4c6f-a725-5d30142366e2,1730764800000,
63060070,,63060070,2025-12-12 13:16:13.124,2025-12-12 13:16:13.124,4,1,bvFPH0+ZC9,com.sec.android.app.shealth,bd2c2480-13c7-4776-9c5d-995bc61e986c,1713398400000,
63060070,,63060070,2025-12-12 13:16:13.133,2025-12-12 13:16:13.133,4,1,bvFPH0+ZC9,com.sec.android.app.shealth,51778b03-3837-4a74-8b1f-66b4a0095cae,1705968000000,
63060070,,63060070,2025-12-12 13:16:13.144,2025-12-12 13:16:13.144,1,1,bvFPH0+ZC9,com.sec.android.app.shealth,fe36c5d4-6606-45d2-bf3e-aa0d5541a3b8,1704240000000,
63060070,,63060070,2025-12-12 13:16:13.162,2025-12-12 13:16:13.162,6,1,bvFPH0+ZC9,com.sec.android.app.shealth,0f674a9a-875f-48af-ac40-f27c56b87577,1702512000000,
63060070,,63060070,2025-12-12 13:16:13.180,2025-12-12 13:16:13.180,7,1,bvFPH0+ZC9,com.sec.android.app.shealth,9832f1b1-eafb-498a-b56e-675fa2d4e3b6,1731283200000,
63060070,,63060070,2025-12-12 13:16:13.188,2025-12-12 13:16:13.188,2,1,bvFPH0+ZC9,com.sec.android.app.shealth,474065a8-b4ea-45b8-9101-6332eace2f6b,1716336000000,
63060070,,63060070,2025-12-12 13:16:13.201,2025-12-12 13:16:13.201,6,1,bvFPH0+ZC9,com.sec.android.app.shealth,bf2d5669-afb8-4faa-a755-222b44a1fa64,1700179200000,
63060070,,63060070,2025-12-12 13:16:13.208,2025-12-12 13:16:13.208,4,1,bvFPH0+ZC9,com.sec.android.app.shealth,3b01d6ea-35c0-45ac-b489-4cc996a330ab,1722643200000,
63060070,,63060070,2025-12-12 13:16:13.217,2025-12-12 13:16:13.217,3,1,bvFPH0+ZC9,com.sec.android.app.shealth,aca57ffd-13ef-449d-9bab-b4bf1464aa5a,1724371200000,
63060070,,63060070,2025-12-12 13:16:13.225,2025-12-12 13:16:13.225,1,1,bvFPH0+ZC9,com.sec.android.app.shealth,209b5ad6-5273-42ca-87b8-b7a65da1cffe,1705363200000,
63060070,,63060070,2025-12-12 13:16:13.233,2025-12-12 13:16:13.233,3,1,bvFPH0+ZC9,com.sec.android.app.shealth,10bacb04-bcd9-44ab-8e7c-1f8ab15203d2,1707091200000,
63060070,,63060070,2025-12-12 13:16:13.239,2025-12-12 13:16:13.239,5,1,bvFPH0+ZC9,com.sec.android.app.shealth,a1dc350f-1f7e-4f76-ab94-3b2a574f114d,1701907200000,
63060070,,63060070,2025-12-12 13:16:13.248,2025-12-12 13:16:13.248,1,1,bvFPH0+ZC9,com.sec.android.app.shealth,7e8f4e54-0da4-4ef4-8441-0f7683758b59,1703116800000,
63060070,,63060070,2025-12-12 13:16:13.256,2025-12-12 13:16:13.256,1,1,bvFPH0+ZC9,com.sec.android.app.shealth,4e0fe0c4-cd57-449a-899d-cd5c977b58a4,1719273600000,
63060070,,63060070,2025-12-12 13:16:13.264,2025-12-12 13:16:13.264,8,1,bvFPH0+ZC9,com.sec.android.app.shealth,b152c760-2d70-49bb-9bc2-4b12a25201cc,1699660800000,
63060070,,63060070,2025-12-12 13:16:13.277,2025-12-12 13:16:13.277,18,1,bvFPH0+ZC9,com.sec.android.app.shealth,fee71716-9b2e-49a9-819a-bf1f4b845610,1704844800000,
63060070,,63060070,2025-12-12 13:16:13.286,2025-12-12 13:16:13.286,1,1,bvFPH0+ZC9,com.sec.android.app.shealth,98d5adbc-d98f-42cc-b871-65b7da650d80,1726790400000,
63060070,,63060070,2025-12-12 13:16:13.300,2025-12-12 13:16:13.300,10,1,bvFPH0+ZC9,com.sec.android.app.shealth,5317141c-a0c8-4e82-a4bb-96f944e7ab50,1697328000000,
63060070,,63060070,2025-12-12 13:16:13.312,2025-12-12 13:16:13.312,16,1,bvFPH0+ZC9,com.sec.android.app.shealth,8d3f3521-5ed2-400d-976b-9992a61d3d7f,1699056000000,
63060070,,63060070,2025-12-12 13:16:13.322,2025-12-12 13:16:13.322,4,1,bvFPH0+ZC9,com.sec.android.app.shealth,b54d12ba-ec9c-4a24-843e-195e80ad8dcf,1716940800000,
63060070,,63060070,2025-12-12 13:16:13.331,2025-12-12 13:16:13.331,1,1,bvFPH0+ZC9,com.sec.android.app.shealth,3a2285ab-c3f9-4647-a590-8b2d5826e487,1725062400000,
63060070,,63060070,2025-12-12 13:16:13.343,2025-12-12 13:16:13.343,14,1,bvFPH0+ZC9,com.sec.android.app.shealth,c3cc2a34-c48a-438f-a9f5-72ec81fcf8d8,1718150400000,
63060070,,63060070,2025-12-12 13:16:13.353,2025-12-12 13:16:13.353,3,1,bvFPH0+ZC9,com.sec.android.app.shealth,95232e77-2d77-42dd-840f-9194b9eb7e94,1725580800000,
63060070,,63060070,2025-12-12 13:16:13.362,2025-12-12 13:16:13.362,2,1,bvFPH0+ZC9,com.sec.android.app.shealth,0a00dc39-67c7-4ca7-bd35-b0cf5427f1b6,1700265600000,
63060070,,63060070,2025-12-12 13:16:13.370,2025-12-12 13:16:13.370,2,1,bvFPH0+ZC9,com.sec.android.app.shealth,9da3d124-f567-4675-8f41-8310ed3dd129,1723852800000,
63060070,,63060070,2025-12-12 13:16:13.377,2025-12-12 13:16:13.377,6,1,bvFPH0+ZC9,com.sec.android.app.shealth,3fb1904d-0cec-4a21-84e7-5fa2425cad46,1703721600000,
63060070,,63060070,2025-12-12 13:16:13.385,2025-12-12 13:16:13.385,4,1,bvFPH0+ZC9,com.sec.android.app.shealth,34a59f57-ed82-41ba-91b3-a6e3430e16d0,1726185600000,
63060070,,63060070,2025-12-12 13:16:13.392,2025-12-12 13:16:13.392,1,1,bvFPH0+ZC9,com.sec.android.app.shealth,c917b777-5075-47e4-bc2a-9b5f747e14fd,1717545600000,
63060070,,63060070,2025-12-12 13:16:13.402,2025-12-12 13:16:13.402,4,1,bvFPH0+ZC9,com.sec.android.app.shealth,87d710b6-686c-432d-ad27-888e477d2425,1722729600000,
63060070,,63060070,2025-12-12 13:16:13.411,2025-12-12 13:16:13.411,8,1,bvFPH0+ZC9,com.sec.android.app.shealth,f5ab8b2f-600e-4c5f-bc66-1fd2af0454f3,1731456000000,
63060070,,63060070,2025-12-12 13:16:13.423,2025-12-12 13:16:13.423,3,1,bvFPH0+ZC9,com.sec.android.app.shealth,3d62e969-2fb1-44f5-9b49-dbe9b941aec4,1697414400000,
63060070,,63060070,2025-12-12 13:16:13.431,2025-12-12 13:16:13.431,1,1,bvFPH0+ZC9,com.sec.android.app.shealth,e6e3ff22-d94a-4141-8ea9-3156a380f62c,1715299200000,
63060070,,63060070,2025-12-12 13:16:13.441,2025-12-12 13:16:13.441,7,1,bvFPH0+ZC9,com.sec.android.app.shealth,0bd4b6b9-eda0-4467-ada6-13c70517fa4f,1717027200000,
63060070,,63060070,2025-12-12 13:16:13.451,2025-12-12 13:16:13.451,2,1,bvFPH0+ZC9,com.sec.android.app.shealth,c378bc2e-076f-4998-bfd3-4d16b7d86771,1722816000000,
63060070,,63060070,2025-12-12 13:16:13.460,2025-12-12 13:16:13.460,3,1,bvFPH0+ZC9,com.sec.android.app.shealth,b52230d0-80e1-4675-9622-0ae09ecfdd27,1724544000000,
63060070,,63060070,2025-12-12 13:16:13.473,2025-12-12 13:16:13.473,13,1,bvFPH0+ZC9,com.sec.android.app.shealth,e021705a-d473-481e-b01d-05b4bec41292,1726272000000,
63060070,,63060070,2025-12-12 13:16:13.486,2025-12-12 13:16:13.486,5,1,bvFPH0+ZC9,com.sec.android.app.shealth,54f4416d-b1fc-44a3-8d02-87bee60592ca,1721088000000,
63060070,,63060070,2025-12-12 13:16:13.501,2025-12-12 13:16:13.501,2,1,bvFPH0+ZC9,com.sec.android.app.shealth,7b291e0f-cac3-436b-a53b-b4457bfccb61,1719360000000,
63060070,,63060070,2025-12-12 13:16:13.515,2025-12-12 13:16:13.515,5,1,bvFPH0+ZC9,com.sec.android.app.shealth,86327496-3404-4327-819d-2679626cd4eb,1702598400000,
63060070,,63060070,2025-12-12 13:16:13.530,2025-12-12 13:16:13.530,7,1,bvFPH0+ZC9,com.sec.android.app.shealth,fae31b57-05de-4a1e-883b-d35f2dfc5712,1706054400000,
63060070,,63060070,2025-12-12 13:16:13.546,2025-12-12 13:16:13.546,9,1,bvFPH0+ZC9,com.sec.android.app.shealth,05c1cbda-c839-4ca3-8fc5-127f99f0118f,1730332800000,
63060070,,63060070,2025-12-12 13:16:13.561,2025-12-12 13:16:13.561,1,1,bvFPH0+ZC9,com.sec.android.app.shealth,e5c02e08-c715-4a56-ac40-78d6fb705b43,1707264000000,
63060070,,63060070,2025-12-12 13:16:13.582,2025-12-12 13:16:13.582,4,1,bvFPH0+ZC9,com.sec.android.app.shealth,70042bee-8923-45a0-a175-08a70bbd2b5b,1727395200000,
63060070,,63060070,2025-12-12 13:16:13.600,2025-12-12 13:16:13.600,2,1,bvFPH0+ZC9,com.sec.android.app.shealth,19aab0e2-b374-427a-aa8f-8c698d3bd4ce,1729123200000,
63060070,,63060070,2025-12-12 13:16:13.614,2025-12-12 13:16:13.614,1,1,bvFPH0+ZC9,com.sec.android.app.shealth,bab64f73-db2f-4d6f-bf52-777389cd376e,1715904000000,
63060070,,63060070,2025-12-12 13:16:13.627,2025-12-12 13:16:13.627,4,1,bvFPH0+ZC9,com.sec.android.app.shealth,998f5ef4-64b6-49c4-89c6-5c9959ebec5d,1725667200000,
63060070,,63060070,2025-12-12 13:16:13.645,2025-12-12 13:16:13.645,7,1,bvFPH0+ZC9,com.sec.android.app.shealth,cb8d5398-e025-42df-bf05-4a4ba94afbda,1717632000000,
63060070,,63060070,2025-12-12 13:16:13.667,2025-12-12 13:16:13.667,6,1,bvFPH0+ZC9,com.sec.android.app.shealth,d3ce2042-1c84-4bff-8c66-7cfbc56fbeed,1730851200000,
63060070,,63060070,2025-12-12 13:16:13.688,2025-12-12 13:16:13.688,1,1,bvFPH0+ZC9,com.sec.android.app.shealth,da4ca736-fb70-42f7-92a3-3f1cec4f5c15,1699747200000,
63060070,,63060070,2025-12-12 13:16:13.718,2025-12-12 13:16:13.718,2,1,bvFPH0+ZC9,com.sec.android.app.shealth,45e2804f-fd74-4487-abd4-d7cfb879d3fe,1722211200000,
63060070,,63060070,2025-12-12 13:16:13.742,2025-12-12 13:16:13.742,6,1,bvFPH0+ZC9,com.sec.android.app.shealth,cff2f4f2-8529-4d4b-a51c-6fe15dbd9c19,1723939200000,
63060070,,63060070,2025-12-12 13:16:13.771,2025-12-12 13:16:13.771,9,1,bvFPH0+ZC9,com.sec.android.app.shealth,052155e6-55ac-40fe-963b-8e4aed5ecf2c,1720483200000,
63060070,,63060070,2025-12-12 13:16:13.786,2025-12-12 13:16:13.786,6,1,bvFPH0+ZC9,com.sec.android.app.shealth,c36a5976-bb44-49ac-b272-40975f9bce37,1704931200000,
63060070,,63060070,2025-12-12 13:16:13.800,2025-12-12 13:16:13.800,2,1,bvFPH0+ZC9,com.sec.android.app.shealth,3c7619b5-d7f6-4e7e-bf6b-a3eeee7d92fc,1706659200000,
63060070,,63060070,2025-12-12 13:16:13.809,2025-12-12 13:16:13.809,1,1,bvFPH0+ZC9,com.sec.android.app.shealth,17fb143b-0423-406b-b430-c8aaa475bba7,1703203200000,
63060070,,63060070,2025-12-12 13:16:13.830,2025-12-12 13:16:13.830,3,1,bvFPH0+ZC9,com.sec.android.app.shealth,2828b78f-a110-4d81-8613-4995e956a142,1701475200000,
63060070,,63060070,2025-12-12 13:16:13.856,2025-12-12 13:16:13.856,2,1,bvFPH0+ZC9,com.sec.android.app.shealth,f6395f94-8f55-491b-9f0a-2fcc09c1c485,1700956800000,
63060070,,63060070,2025-12-12 13:16:13.866,2025-12-12 13:16:13.866,1,1,bvFPH0+ZC9,com.sec.android.app.shealth,f69a0718-d4bc-440a-a23d-71ee178042d4,1697500800000,
63060070,,63060070,2025-12-12 13:16:13.876,2025-12-12 13:16:13.876,10,1,bvFPH0+ZC9,com.sec.android.app.shealth,38e085af-1cdf-4857-943f-9f3fae9c3624,1699228800000,
63060070,,63060070,2025-12-12 13:16:13.887,2025-12-12 13:16:13.887,3,1,bvFPH0+ZC9,com.sec.android.app.shealth,a3878f20-26e6-40da-acfd-ace27e579e10,1711324800000,
63060070,,63060070,2025-12-12 13:16:13.895,2025-12-12 13:16:13.895,3,1,bvFPH0+ZC9,com.sec.android.app.shealth,cd2f4e5c-ba9f-409a-bbb4-f62fcf149f5e,1706140800000,
63060070,,63060070,2025-12-12 13:16:13.902,2025-12-12 13:16:13.902,5,1,bvFPH0+ZC9,com.sec.android.app.shealth,48995924-19c8-4ed4-9af4-94526943a6b9,1698624000000,
63060070,,63060070,2025-12-12 13:16:13.910,2025-12-12 13:16:13.910,3,1,bvFPH0+ZC9,com.sec.android.app.shealth,e796c078-c7d3-470c-99c8-3b262e2f617c,1731542400000,
63060070,,63060070,2025-12-12 13:16:13.918,2025-12-12 13:16:13.918,8,1,bvFPH0+ZC9,com.sec.android.app.shealth,d5981a03-b546-42e6-a5f7-08078aef1473,1719446400000,
63060070,,63060070,2025-12-12 13:16:13.925,2025-12-12 13:16:13.925,4,1,bvFPH0+ZC9,com.sec.android.app.shealth,e67a96e1-2eb9-493b-ab04-8629a7a4fe5a,1715990400000,
63060070,,63060070,2025-12-12 13:16:13.934,2025-12-12 13:16:13.934,11,1,bvFPH0+ZC9,com.sec.android.app.shealth,39b2b9ed-96f8-4c19-8886-4d8fe749850b,1725148800000,
63060070,,63060070,2025-12-12 13:16:13.941,2025-12-12 13:16:13.941,2,1,bvFPH0+ZC9,com.sec.android.app.shealth,223e81d8-edd0-4113-9498-d546dfaa9b24,1699833600000,
63060070,,63060070,2025-12-12 13:16:13.946,2025-12-12 13:16:13.946,1,1,bvFPH0+ZC9,com.sec.android.app.shealth,a50835e3-6f75-4a42-a0fa-7a24d6d5e1a8,1726876800000,
63060070,,63060070,2025-12-12 13:16:13.953,2025-12-12 13:16:13.953,1,1,bvFPH0+ZC9,com.sec.android.app.shealth,ab0fcbcb-c7e7-4d15-9e4d-78dea687541d,1721692800000,
63060070,,63060070,2025-12-12 13:16:13.960,2025-12-12 13:16:13.960,2,1,bvFPH0+ZC9,com.sec.android.app.shealth,771249fa-794c-4bf3-911b-1fb426a567e4,1723420800000,
63060070,,63060070,2025-12-12 13:16:13.966,2025-12-12 13:16:13.966,3,1,bvFPH0+ZC9,com.sec.android.app.shealth,8b5ee5f3-1de2-4dc9-873c-224b57693062,1703289600000,
63060070,,63060070,2025-12-12 13:16:13.973,2025-12-12 13:16:13.973,6,1,bvFPH0+ZC9,com.sec.android.app.shealth,977adab8-8d20-47e2-8f19-b7e146278f88,1719964800000,
63060070,,63060070,2025-12-12 13:16:13.983,2025-12-12 13:16:13.983,14,1,bvFPH0+ZC9,com.sec.android.app.shealth,cc096481-7ea4-4f20-a158-71350e537c13,1730937600000,
63060070,,63060070,2025-12-12 13:16:13.992,2025-12-12 13:16:13.992,8,1,bvFPH0+ZC9,com.sec.android.app.shealth,8e201a03-ed3e-4a1e-b233-ce10de6bcd8b,1706745600000,
63060070,,63060070,2025-12-12 13:16:14.001,2025-12-12 13:16:14.001,1,1,bvFPH0+ZC9,com.sec.android.app.shealth,b426e562-c64d-46d0-96d8-bd3d5514c800,1705017600000,
63060070,,63060070,2025-12-12 13:16:14.008,2025-12-12 13:16:14.008,2,1,bvFPH0+ZC9,com.sec.android.app.shealth,be4a4ee1-476a-4292-b963-285281a9ca30,1715385600000,
63060070,,63060070,2025-12-12 13:16:14.014,2025-12-12 13:16:14.014,1,1,bvFPH0+ZC9,com.sec.android.app.shealth,7428a4f7-27aa-4b97-9c24-394408f377f1,1717113600000,
63060070,,63060070,2025-12-12 13:16:14.021,2025-12-12 13:16:14.021,1,1,bvFPH0+ZC9,com.sec.android.app.shealth,fc3ba7c5-f941-44cb-8a0b-c1d25ac72bb6,1722297600000,
63060070,,63060070,2025-12-12 13:16:14.030,2025-12-12 13:16:14.030,2,1,bvFPH0+ZC9,com.sec.android.app.shealth,0db24468-12d2-4a42-b507-851b2b73a14d,1729209600000,
63060070,,63060070,2025-12-12 13:16:14.039,2025-12-12 13:16:14.039,1,1,bvFPH0+ZC9,com.sec.android.app.shealth,9ba6c222-ea09-425f-97f1-e434949c34f6,1724025600000,
63060070,,63060070,2025-12-12 13:16:14.046,2025-12-12 13:16:14.046,1,1,bvFPH0+ZC9,com.sec.android.app.shealth,96d8dfc5-e193-43ee-8abd-22cf8fd12900,1725753600000,
63060070,,63060070,2025-12-12 13:16:14.051,2025-12-12 13:16:14.051,1,1,bvFPH0+ZC9,com.sec.android.app.shealth,87c106ef-810f-4505-ab2d-a0551c5a33e0,1696982400000,
63060070,,63060070,2025-12-12 13:16:14.058,2025-12-12 13:16:14.058,1,1,bvFPH0+ZC9,com.sec.android.app.shealth,209449d2-8dce-400a-9d8d-605b22f3574a,1725840000000,
63060070,,63060070,2025-12-12 13:16:14.068,2025-12-12 13:16:14.068,6,1,bvFPH0+ZC9,com.sec.android.app.shealth,0bd3de77-3068-4920-93de-373f049e72bc,1705622400000,
63060070,,63060070,2025-12-12 13:16:14.076,2025-12-12 13:16:14.076,2,1,bvFPH0+ZC9,com.sec.android.app.shealth,98e5bbff-730d-40da-ae77-50ff38ca6056,1698710400000,
63060070,,63060070,2025-12-12 13:16:14.090,2025-12-12 13:16:14.090,10,1,bvFPH0+ZC9,com.sec.android.app.shealth,c28fd560-7cbd-485c-b505-407defc55f9b,1729900800000,
63060070,,63060070,2025-12-12 13:16:14.100,2025-12-12 13:16:14.100,1,1,bvFPH0+ZC9,com.sec.android.app.shealth,5356ee8f-73c8-47ea-acae-17d16c79009c,1707350400000,
63060070,,63060070,2025-12-12 13:16:14.108,2025-12-12 13:16:14.108,2,1,bvFPH0+ZC9,com.sec.android.app.shealth,05949309-0291-4350-9905-ea76cb4d3005,1714262400000,
63060070,,63060070,2025-12-12 13:16:14.115,2025-12-12 13:16:14.115,3,1,bvFPH0+ZC9,com.sec.android.app.shealth,36394ccb-acbf-428b-bb62-05171c00f3dd,1703376000000,
63060070,,63060070,2025-12-12 13:16:14.127,2025-12-12 13:16:14.127,5,1,bvFPH0+ZC9,com.sec.android.app.shealth,8c54db42-3bb4-4070-b657-f0e0fe5c0f0e,1705104000000,
63060070,,63060070,2025-12-12 13:16:14.139,2025-12-12 13:16:14.139,2,1,bvFPH0+ZC9,com.sec.android.app.shealth,a2e9529c-ce6a-4900-a08c-10116062de4f,1715472000000,
63060070,,63060070,2025-12-12 13:16:14.157,2025-12-12 13:16:14.157,5,1,bvFPH0+ZC9,com.sec.android.app.shealth,b42d35f2-e810-4e73-8389-af9809c37553,1730419200000,
63060070,,63060070,2025-12-12 13:16:14.175,2025-12-12 13:16:14.175,3,1,bvFPH0+ZC9,com.sec.android.app.shealth,def61597-a7e0-4d95-b4c5-c0f80c20b8b7,1725235200000,
63060070,,63060070,2025-12-12 13:16:14.195,2025-12-12 13:16:14.195,3,1,bvFPH0+ZC9,com.sec.android.app.shealth,bf252d1c-eaf3-49a8-89ae-e378cae8e827,1704499200000,
63060070,,63060070,2025-12-12 13:16:14.216,2025-12-12 13:16:14.216,3,1,bvFPH0+ZC9,com.sec.android.app.shealth,08897930-3b84-411b-83ea-e4ca5a103958,1706227200000,
63060070,,63060070,2025-12-12 13:16:14.232,2025-12-12 13:16:14.232,3,1,bvFPH0+ZC9,com.sec.android.app.shealth,577ce9e5-7cd0-46f6-ba13-a2641a00c77e,1707955200000,
63060070,,63060070,2025-12-12 13:16:14.249,2025-12-12 13:16:14.249,2,1,bvFPH0+ZC9,com.sec.android.app.shealth,afdbf7a2-50e3-4cf9-b85f-21480d229768,1702771200000,
63060070,,63060070,2025-12-12 13:16:14.270,2025-12-12 13:16:14.270,4,1,bvFPH0+ZC9,com.sec.android.app.shealth,074c2246-264c-4e6a-9d78-6b68b79ae076,1699315200000,
63060070,,63060070,2025-12-12 13:16:14.290,2025-12-12 13:16:14.290,2,1,bvFPH0+ZC9,com.sec.android.app.shealth,96622b69-5104-41ac-a33a-59d1875d227c,1720137600000,
63060070,,63060070,2025-12-12 13:16:14.306,2025-12-12 13:16:14.306,1,1,bvFPH0+ZC9,com.sec.android.app.shealth,d2dee060-c185-41b1-a4b3-b2a63a7ec39c,1718409600000,
63060070,,63060070,2025-12-12 13:16:14.322,2025-12-12 13:16:14.322,3,1,bvFPH0+ZC9,com.sec.android.app.shealth,9c52edb3-dea1-4287-86e9-db88c19b21c1,1698796800000,
63060070,,63060070,2025-12-12 13:16:14.338,2025-12-12 13:16:14.338,3,1,bvFPH0+ZC9,com.sec.android.app.shealth,f7b2eb0c-4a18-48cc-b54d-107ef8494e11,1703980800000,
63060070,,63060070,2025-12-12 13:16:14.353,2025-12-12 13:16:14.353,8,1,bvFPH0+ZC9,com.sec.android.app.shealth,ec67dea9-f1aa-4955-8e23-1c4cc9a2f161,1714348800000,
63060070,,63060070,2025-12-12 13:16:14.367,2025-12-12 13:16:14.367,14,1,bvFPH0+ZC9,com.sec.android.app.shealth,48c0758d-dca0-4938-938e-9c45a8f6e090,1717804800000,
63060070,,63060070,2025-12-12 13:16:14.376,2025-12-12 13:16:14.376,1,1,bvFPH0+ZC9,com.sec.android.app.shealth,606676ef-208b-40a6-bb64-1e4197217128,1724198400000,
63060070,,63060070,2025-12-12 13:16:14.383,2025-12-12 13:16:14.383,1,1,bvFPH0+ZC9,com.sec.android.app.shealth,1de5ee7c-2f0d-44b7-812d-ec08bd246963,1699920000000,
63060070,,63060070,2025-12-12 13:16:14.393,2025-12-12 13:16:14.393,2,1,bvFPH0+ZC9,com.sec.android.app.shealth,1c970e02-e283-4e8d-b17b-05638812c76b,1725926400000,
63060070,,63060070,2025-12-12 13:16:14.402,2025-12-12 13:16:14.402,4,1,bvFPH0+ZC9,com.sec.android.app.shealth,e2dcd8ba-d3f4-4bcd-a99f-ef348f68812f,1731110400000,
63060070,,63060070,2025-12-12 13:16:14.411,2025-12-12 13:16:14.411,1,1,bvFPH0+ZC9,com.sec.android.app.shealth,b1a3e1a8-1b30-42ed-8f76-ae871384dfb9,1722470400000,
63060070,,63060070,2025-12-12 13:16:14.433,2025-12-12 13:16:14.433,6,1,bvFPH0+ZC9,com.sec.android.app.shealth,6921bbe8-290c-4b26-904b-4fff92907566,1715558400000,
63060070,,63060070,2025-12-12 13:16:14.444,2025-12-12 13:16:14.444,7,1,bvFPH0+ZC9,com.sec.android.app.shealth,430102ab-4fd9-4caa-bd8a-74d478ba4b9d,1717286400000,
63060070,,63060070,2025-12-12 13:16:14.456,2025-12-12 13:16:14.456,3,1,bvFPH0+ZC9,com.sec.android.app.shealth,6059e22a-2595-4d9b-9fac-4b45f0dfe733,1721260800000,
63060070,,63060070,2025-12-12 13:16:14.470,2025-12-12 13:16:14.470,2,1,bvFPH0+ZC9,com.sec.android.app.shealth,045c161f-41d3-46dc-b1e2-29403c868852,1702857600000,
63060070,,63060070,2025-12-12 13:16:14.479,2025-12-12 13:16:14.479,4,1,bvFPH0+ZC9,com.sec.android.app.shealth,454d5cb3-3916-4217-81b6-1d2377a2ff3d,1701129600000,
63060070,,63060070,2025-12-12 13:16:14.492,2025-12-12 13:16:14.492,5,1,bvFPH0+ZC9,com.sec.android.app.shealth,a0f6fc35-9f7d-436f-b48d-f1eff46f90db,1706313600000,
63060070,,63060070,2025-12-12 13:16:14.508,2025-12-12 13:16:14.508,1,1,bvFPH0+ZC9,com.sec.android.app.shealth,5e8e12a1-1b75-4372-b60b-c90352430a6e,1708041600000,
63060070,,63060070,2025-12-12 13:16:14.530,2025-12-12 13:16:14.530,1,1,bvFPH0+ZC9,com.sec.android.app.shealth,0c641689-dbbd-4ff6-91a8-14e536c47dbd,1714953600000,
63060070,,63060070,2025-12-12 13:16:14.541,2025-12-12 13:16:14.541,1,1,bvFPH0+ZC9,com.sec.android.app.shealth,2e2108c3-475a-4799-9869-4eabaec0860b,1723593600000,
63060070,,63060070,2025-12-12 13:16:14.555,2025-12-12 13:16:14.555,1,1,bvFPH0+ZC9,com.sec.android.app.shealth,05d66340-2a1b-4b56-9c52-09cfc36c9b8f,1721865600000,
63060070,,63060070,2025-12-12 13:16:14.568,2025-12-12 13:16:14.568,3,1,bvFPH0+ZC9,com.sec.android.app.shealth,e6e7dbf4-486e-43e5-a8f5-be8022ecc106,1727049600000,
63060070,,63060070,2025-12-12 13:16:14.579,2025-12-12 13:16:14.579,7,1,bvFPH0+ZC9,com.sec.android.app.shealth,acc212e3-28cc-4c1b-bd17-ad15593e39cd,1728864000000,
63060070,,63060070,2025-12-12 13:16:14.589,2025-12-12 13:16:14.589,3,1,bvFPH0+ZC9,com.sec.android.app.shealth,5329d89c-a5e9-4447-9d75-7511fd8780b6,1714435200000,
63060070,,63060070,2025-12-12 13:16:14.599,2025-12-12 13:16:14.599,8,1,bvFPH0+ZC9,com.sec.android.app.shealth,238ccd23-d208-4fa8-b70b-c9aa2a38a49a,1717891200000,
63060070,,63060070,2025-12-12 13:16:14.609,2025-12-12 13:16:14.609,2,1,bvFPH0+ZC9,com.sec.android.app.shealth,a510a74a-5aef-4505-a71f-121ae7b0ed8d,1723680000000,
63060070,,63060070,2025-12-12 13:16:14.619,2025-12-12 13:16:14.619,3,1,bvFPH0+ZC9,com.sec.android.app.shealth,717752e4-2536-4896-aefa-a5fdf850e5df,1725408000000,
63060070,,63060070,2025-12-12 13:16:14.629,2025-12-12 13:16:14.629,1,1,bvFPH0+ZC9,com.sec.android.app.shealth,5daa10a0-07d0-44a3-9569-c85006b0b2ef,1721952000000,
63060070,,63060070,2025-12-12 13:16:14.636,2025-12-12 13:16:14.636,1,1,bvFPH0+ZC9,com.sec.android.app.shealth,e7b9a7c5-8661-4c7c-a4d3-88479a2a0144,1718496000000,
63060070,,63060070,2025-12-12 13:16:14.643,2025-12-12 13:16:14.643,2,1,bvFPH0+ZC9,com.sec.android.app.shealth,322cf547-e9cc-4d61-b450-ba99c834555d,1703462400000,
63060070,,63060070,2025-12-12 13:16:14.653,2025-12-12 13:16:14.653,2,1,bvFPH0+ZC9,com.sec.android.app.shealth,8e4a9767-2121-4831-9e11-19f71352e704,1700006400000,
63060070,,63060070,2025-12-12 13:16:14.662,2025-12-12 13:16:14.662,1,1,bvFPH0+ZC9,com.sec.android.app.shealth,1c8c263e-41c6-4aaa-815e-7ac8cc25a14f,1710374400000,
63060070,,63060070,2025-12-12 13:16:14.672,2025-12-12 13:16:14.672,5,1,bvFPH0+ZC9,com.sec.android.app.shealth,c562e6ef-d5d1-4100-8407-64c9750eeae9,1731196800000,
63060070,,63060070,2025-12-12 13:16:14.685,2025-12-12 13:16:14.685,10,1,bvFPH0+ZC9,com.sec.android.app.shealth,7d3a4f3a-7154-4df8-80c8-bfc2b77f0751,1706918400000,
63060070,,63060070,2025-12-12 13:16:14.695,2025-12-12 13:16:14.695,1,1,bvFPH0+ZC9,com.sec.android.app.shealth,4ba0064a-2a6d-4b45-9610-a54387113e27,1706400000000,
63060070,,63060070,2025-12-12 13:16:14.703,2025-12-12 13:16:14.703,1,1,bvFPH0+ZC9,com.sec.android.app.shealth,0b16d25a-2aba-4799-bbb1-cbf8d1ccabcc,1702944000000,
63060070,,63060070,2025-12-12 13:16:14.711,2025-12-12 13:16:14.711,1,1,bvFPH0+ZC9,com.sec.android.app.shealth,6892700f-2819-4d51-9b29-d55be523c9c2,1715040000000,
63060070,,63060070,2025-12-12 13:16:14.721,2025-12-12 13:16:14.721,4,1,bvFPH0+ZC9,com.sec.android.app.shealth,ac9f8cbb-ebe0-4928-a3e3-d960d9066b12,1726531200000,
63060070,,63060070,2025-12-12 13:16:14.734,2025-12-12 13:16:14.734,7,1,bvFPH0+ZC9,com.sec.android.app.shealth,ea9d6634-0abd-4e34-addf-61a2575cb126,1716768000000,
63060070,,63060070,2025-12-12 13:16:14.750,2025-12-12 13:16:14.750,8,1,bvFPH0+ZC9,com.sec.android.app.shealth,c50b72dd-2962-4558-85ab-bfa1c7a8c853,1729987200000,
63060070,,63060070,2025-12-12 13:16:14.760,2025-12-12 13:16:14.760,4,1,bvFPH0+ZC9,com.sec.android.app.shealth,8875dfea-2479-43f1-a54e-8a2cb618b23a,1700611200000,
63060070,,63060070,2025-12-12 13:16:14.775,2025-12-12 13:16:14.775,2,1,bvFPH0+ZC9,com.sec.android.app.shealth,0b29aded-79b3-44fd-adbd-6e3856dcf26f,1721347200000,
63060070,,63060070,2025-12-12 13:16:14.788,2025-12-12 13:16:14.788,3,1,bvFPH0+ZC9,com.sec.android.app.shealth,c476bc3a-c3b9-432a-8c91-4ba40fdc172e,1724803200000,
63060070,,63060070,2025-12-12 13:16:14.800,2025-12-12 13:16:14.800,3,1,bvFPH0+ZC9,com.sec.android.app.shealth,17dd6f40-f263-470a-ac91-935bb0c2ad73,1719619200000,
63060070,,63060070,2025-12-12 13:16:14.822,2025-12-12 13:16:14.822,4,1,bvFPH0+ZC9,com.sec.android.app.shealth,00eff8ce-4fb5-4735-bcc3-1a44470d5e97,1705795200000,
63060070,,63060070,2025-12-12 13:16:14.842,2025-12-12 13:16:14.842,3,1,bvFPH0+ZC9,com.sec.android.app.shealth,b6058ec7-11ff-43b5-8540-5264603691e0,1698883200000,
63060070,,63060070,2025-12-12 13:16:14.873,2025-12-12 13:16:14.873,11,1,bvFPH0+ZC9,com.sec.android.app.shealth,eb5e4dca-449d-4aac-bdf0-756c8894b93c,1721433600000,
63060070,,63060070,2025-12-12 13:16:14.910,2025-12-12 13:16:14.910,5,1,bvFPH0+ZC9,com.sec.android.app.shealth,485b79e1-9cad-4cd2-8167-871c6ee1d80d,1719705600000,
63060070,,63060070,2025-12-12 13:16:14.944,2025-12-12 13:16:14.944,3,1,bvFPH0+ZC9,com.sec.android.app.shealth,b0cc6124-ed32-483b-af28-4ecadd3b8ff4,1700092800000,
63060070,,63060070,2025-12-12 13:16:14.969,2025-12-12 13:16:14.969,5,1,bvFPH0+ZC9,com.sec.android.app.shealth,4404e949-0bfc-454a-8f76-e87883c9424b,1703548800000,
63060070,,63060070,2025-12-12 13:16:15.001,2025-12-12 13:16:15.001,1,1,bvFPH0+ZC9,com.sec.android.app.shealth,960a91d5-ed7f-41c7-92e3-9b9b63b57227,1715644800000,
63060070,,63060070,2025-12-12 13:16:15.037,2025-12-12 13:16:15.037,1,1,bvFPH0+ZC9,com.sec.android.app.shealth,35957a98-7d14-4083-bb66-df31e102aea1,1723766400000,
63060070,,63060070,2025-12-12 13:16:15.080,2025-12-12 13:16:15.080,10,1,bvFPH0+ZC9,com.sec.android.app.shealth,1e2a0400-993f-45d0-8f5d-0e82d4cb4853,1730678400000,
63060070,,63060070,2025-12-12 13:16:15.114,2025-12-12 13:16:15.114,6,1,bvFPH0+ZC9,com.sec.android.app.shealth,de0d74b4-10eb-4dc6-aeea-fe34b966f155,1699488000000,
63060070,,63060070,2025-12-12 13:16:15.162,2025-12-12 13:16:15.162,9,1,bvFPH0+ZC9,com.sec.android.app.shealth,d91995c4-2e12-4f37-a076-54688c8e1dce,1722038400000,
63060070,,63060070,2025-12-12 13:16:15.195,2025-12-12 13:16:15.195,10,1,bvFPH0+ZC9,com.sec.android.app.shealth,c06f7d45-25a7-4946-b51c-dfad24cc0300,1720310400000,
63060070,,63060070,2025-12-12 13:16:15.228,2025-12-12 13:16:15.228,8,1,bvFPH0+ZC9,com.sec.android.app.shealth,987f5f31-f304-4cda-b368-8353e6d5b34b,1697241600000,
63060070,,63060070,2025-12-12 13:16:15.263,2025-12-12 13:16:15.263,1,1,bvFPH0+ZC9,com.sec.android.app.shealth,687f9e81-6410-49d1-9ef5-238e403af86e,1698969600000,
63060070,,63060070,2025-12-12 13:16:15.324,2025-12-12 13:16:15.324,12,1,bvFPH0+ZC9,com.sec.android.app.shealth,775716df-180a-4308-9be6-83455fb8937d,1719100800000,
63060070,,63060070,2025-12-12 13:16:15.367,2025-12-12 13:16:15.367,3,1,bvFPH0+ZC9,com.sec.android.app.shealth,18cf2ce5-e064-4994-ba41-4599b3ad9172,1702425600000,
63060070,,63060070,2025-12-12 13:16:15.418,2025-12-12 13:16:15.418,8,1,bvFPH0+ZC9,com.sec.android.app.shealth,02801d1b-fff2-41e9-8ba7-f8fa04271dfa,1705881600000,
63060070,,63060070,2025-12-12 13:16:15.464,2025-12-12 13:16:15.464,4,1,bvFPH0+ZC9,com.sec.android.app.shealth,d002a576-e78d-4f82-abb9-41e141d9bf31,1717977600000,
63060070,,63060070,2025-12-12 13:16:15.513,2025-12-12 13:16:15.513,15,1,bvFPH0+ZC9,com.sec.android.app.shealth,eac36e08-0326-4a94-bdc2-a81ec3bd03c2,1730073600000,
63060070,,63060070,2025-12-12 13:16:15.562,2025-12-12 13:16:15.562,9,1,bvFPH0+ZC9,com.sec.android.app.shealth,1e355a0c-9a57-4f3c-84c7-93d8b109c31b,1726617600000,
63060070,1a0c1717-8210-418d-9097-83a8544ad607.binning_data.json,63070030,2025-12-16 01:01:39.786,2025-12-13 11:47:53.115,18,2,bvFPH0+ZC9,com.sec.android.app.shealth,1a0c1717-8210-418d-9097-83a8544ad607,1765584000000,
63070030,254f65f2-e724-43b3-b4b1-2e2c1697922b.binning_data.json,63070030,2025-12-16 01:01:39.699,2025-12-16 01:01:39.699,3,2,bvFPH0+ZC9,com.sec.android.app.shealth,254f65f2-e724-43b3-b4b1-2e2c1697922b,1765756800000,
