com.samsung.health.movement,6307003,1
create_sh_ver,start_time,custom,binning_data,modify_sh_ver,update_time,create_time,time_offset,deviceuuid,comment,pkg_name,end_time,datauuid
62981551,2025-12-04 19:40:00.000,,1c72d264-9d04-499a-ae66-b650c4543f8c.binning_data.json,62981551,2025-12-04 20:00:50.102,2025-12-04 20:00:50.102,UTC-0300,9cX1oNetDs,,com.sec.android.app.shealth,2025-12-04 19:59:59.999,1c72d264-9d04-499a-ae66-b650c4543f8c,
62981551,2025-12-04 20:00:00.000,,d091074f-fcd3-495f-82af-3fc19347ce6e.binning_data.json,62981551,2025-12-04 21:01:08.351,2025-12-04 20:20:55.797,UTC-0300,9cX1oNetDs,,com.sec.android.app.shealth,2025-12-04 20:59:59.999,d091074f-fcd3-495f-82af-3fc19347ce6e,
62981551,2025-12-04 21:00:00.000,,846467a2-7752-460f-967c-4a192924ec31.binning_data.json,62981551,2025-12-04 22:01:27.728,2025-12-04 21:01:08.423,UTC-0300,9cX1oNetDs,,com.sec.android.app.shealth,2025-12-04 21:59:59.999,846467a2-7752-460f-967c-4a192924ec31,
62981551,2025-12-04 22:00:00.000,,347086a8-7d09-4828-bf1d-3b756d28779c.binning_data.json,62981551,2025-12-04 23:01:47.767,2025-12-04 22:01:27.749,UTC-0300,9cX1oNetDs,,com.sec.android.app.shealth,2025-12-04 22:59:59.999,347086a8-7d09-4828-bf1d-3b756d28779c,
62981551,2025-12-04 23:00:00.000,,c8000668-06b4-46a9-b39e-8003e63d13e8.binning_data.json,62981551,2025-12-05 00:02:06.297,2025-12-04 23:01:47.777,UTC-0300,9cX1oNetDs,,com.sec.android.app.shealth,2025-12-04 23:59:59.999,c8000668-06b4-46a9-b39e-8003e63d13e8,
62981551,2025-12-05 00:00:00.000,,b7d1169d-1939-42e7-8d8d-f8b5f5670325.binning_data.json,62981551,2025-12-05 00:07:53.073,2025-12-05 00:02:06.309,UTC-0300,9cX1oNetDs,,com.sec.android.app.shealth,2025-12-05 00:21:59.999,b7d1169d-1939-42e7-8d8d-f8b5f5670325,
62981551,2025-12-05 01:27:00.000,,31d117bd-f4fa-4519-a2a5-727a3d09f14f.binning_data.json,62981551,2025-12-05 02:07:12.063,2025-12-05 01:47:05.667,UTC-0300,9cX1oNetDs,,com.sec.android.app.shealth,2025-12-05 01:59:59.999,31d117bd-f4fa-4519-a2a5-727a3d09f14f,
62981551,2025-12-05 02:00:00.000,,60ff7f6c-7b74-4aad-b27a-f433034ed9d4.binning_data.json,62981551,2025-12-05 03:07:32.175,2025-12-05 02:07:12.088,UTC-0300,9cX1oNetDs,,com.sec.android.app.shealth,2025-12-05 02:59:59.999,60ff7f6c-7b74-4aad-b27a-f433034ed9d4,
62981551,2025-12-05 03:00:00.000,,739a5c2c-05f2-426b-ab2f-41e436bc420b.binning_data.json,62981551,2025-12-05 04:07:51.763,2025-12-05 03:07:32.186,UTC-0300,9cX1oNetDs,,com.sec.android.app.shealth,2025-12-05 03:59:59.999,739a5c2c-05f2-426b-ab2f-41e436bc420b,
62981551,2025-12-05 04:00:00.000,,2185fe01-68f0-4121-b3e8-b14d2a672146.binning_data.json,62981551,2025-12-05 05:08:11.012,2025-12-05 04:07:51.773,UTC-0300,9cX1oNetDs,,com.sec.android.app.shealth,2025-12-05 04:59:59.999,2185fe01-68f0-4121-b3e8-b14d2a672146,
62981551,2025-12-05 05:00:00.000,,894821e1-6719-4048-8501-71ee80f0424d.binning_data.json,62981551,2025-12-05 06:08:30.245,2025-12-05 05:08:11.023,UTC-0300,9cX1oNetDs,,com.sec.android.app.shealth,2025-12-05 05:59:59.999,894821e1-6719-4048-8501-71ee80f0424d,
62981551,2025-12-05 06:00:00.000,,d8d0730e-2414-4349-8dbc-ffb9376acad7.binning_data.json,62981551,2025-12-05 07:08:49.376,2025-12-05 06:08:30.316,UTC-0300,9cX1oNetDs,,com.sec.android.app.shealth,2025-12-05 06:59:59.999,d8d0730e-2414-4349-8dbc-ffb9376acad7,
62981551,2025-12-05 07:00:00.000,,2d3896dd-839e-4b6c-813f-e9c626aeba0d.binning_data.json,62981551,2025-12-05 08:09:08.446,2025-12-05 07:08:49.386,UTC-0300,9cX1oNetDs,,com.sec.android.app.shealth,2025-12-05 07:59:59.999,2d3896dd-839e-4b6c-813f-e9c626aeba0d,
62981551,2025-12-05 08:00:00.000,,544b15b1-d3ff-401c-ab14-0a35f70b087f.binning_data.json,62981551,2025-12-05 09:09:27.670,2025-12-05 08:09:08.567,UTC-0300,9cX1oNetDs,,com.sec.android.app.shealth,2025-12-05 08:59:59.999,544b15b1-d3ff-401c-ab14-0a35f70b087f,
62981551,2025-12-05 09:00:00.000,,901d2e06-9c62-44af-bba5-e2b503205c9e.binning_data.json,62981551,2025-12-05 10:09:46.973,2025-12-05 09:09:27.740,UTC-0300,9cX1oNetDs,,com.sec.android.app.shealth,2025-12-05 09:59:59.999,901d2e06-9c62-44af-bba5-e2b503205c9e,
62981551,2025-12-05 10:00:00.000,,cc1e8a64-64c1-4b06-b5e0-f3f834a8c089.binning_data.json,62981551,2025-12-05 11:10:06.214,2025-12-05 10:09:47.071,UTC-0300,9cX1oNetDs,,com.sec.android.app.shealth,2025-12-05 10:59:59.999,cc1e8a64-64c1-4b06-b5e0-f3f834a8c089,
62981551,2025-12-05 11:00:00.000,,7a09482d-6d43-487e-a726-f711cf93bd81.binning_data.json,62981551,2025-12-05 12:10:25.413,2025-12-05 11:10:06.224,UTC-0300,9cX1oNetDs,,com.sec.android.app.shealth,2025-12-05 11:59:59.999,7a09482d-6d43-487e-a726-f711cf93bd81,
62981551,2025-12-05 12:00:00.000,,873296ed-81c7-4aab-a811-c25be5cfc5f3.binning_data.json,62981551,2025-12-05 13:10:44.476,2025-12-05 12:10:25.423,UTC-0300,9cX1oNetDs,,com.sec.android.app.shealth,2025-12-05 12:59:59.999,873296ed-81c7-4aab-a811-c25be5cfc5f3,
62981551,2025-12-05 13:00:00.000,,0dfd9a62-265f-45f9-9074-89fd79d0a00c.binning_data.json,62981551,2025-12-05 14:11:03.606,2025-12-05 13:10:44.487,UTC-0300,9cX1oNetDs,,com.sec.android.app.shealth,2025-12-05 13:59:59.999,0dfd9a62-265f-45f9-9074-89fd79d0a00c,
62981551,2025-12-05 14:00:00.000,,41833dc4-b71d-46c0-b583-71d16211b12e.binning_data.json,62981551,2025-12-05 15:11:23.431,2025-12-05 14:11:03.635,UTC-0300,9cX1oNetDs,,com.sec.android.app.shealth,2025-12-05 14:59:59.999,41833dc4-b71d-46c0-b583-71d16211b12e,
62981551,2025-12-05 15:00:00.000,,b58a02d5-4286-4498-af55-db5245347739.binning_data.json,62981551,2025-12-05 16:11:43.708,2025-12-05 15:11:23.505,UTC-0300,9cX1oNetDs,,com.sec.android.app.shealth,2025-12-05 15:59:59.999,b58a02d5-4286-4498-af55-db5245347739,
62981551,2025-12-05 16:00:00.000,,b944f62d-b775-4103-abb4-620e0ba95145.binning_data.json,62981551,2025-12-05 17:12:03.116,2025-12-05 16:11:43.718,UTC-0300,9cX1oNetDs,,com.sec.android.app.shealth,2025-12-05 16:59:59.999,b944f62d-b775-4103-abb4-620e0ba95145,
62981551,2025-12-05 17:00:00.000,,4440638f-ef0f-4589-af79-e58a7d8ba10a.binning_data.json,62981551,2025-12-05 18:12:23.419,2025-12-05 17:12:03.221,UTC-0300,9cX1oNetDs,,com.sec.android.app.shealth,2025-12-05 17:59:59.999,4440638f-ef0f-4589-af79-e58a7d8ba10a,
62981551,2025-12-05 18:00:00.000,,8e58fcef-594a-4a0b-ba5a-86505d4e4bdf.binning_data.json,62981551,2025-12-05 18:12:23.430,2025-12-05 18:12:23.430,UTC-0300,9cX1oNetDs,,com.sec.android.app.shealth,2025-12-05 18:11:59.999,8e58fcef-594a-4a0b-ba5a-86505d4e4bdf,
62981551,2025-12-06 00:44:00.000,,920a606b-64fc-4da8-9c91-ab376ae0f040.binning_data.json,62981551,2025-12-06 01:04:02.789,2025-12-06 01:04:02.789,UTC-0300,9cX1oNetDs,,com.sec.android.app.shealth,2025-12-06 00:59:59.999,920a606b-64fc-4da8-9c91-ab376ae0f040,
62981551,2025-12-06 01:00:00.000,,ee8c2339-4583-471a-8d47-df25ec99107e.binning_data.json,62981551,2025-12-06 02:04:22.474,2025-12-06 01:04:02.807,UTC-0300,9cX1oNetDs,,com.sec.android.app.shealth,2025-12-06 01:59:59.999,ee8c2339-4583-471a-8d47-df25ec99107e,
62981551,2025-12-06 02:00:00.000,,e0ddff65-6448-4e23-9b08-7583aafd18d6.binning_data.json,62981551,2025-12-06 03:04:40.698,2025-12-06 02:04:22.487,UTC-0300,9cX1oNetDs,,com.sec.android.app.shealth,2025-12-06 02:59:59.999,e0ddff65-6448-4e23-9b08-7583aafd18d6,
62981551,2025-12-06 03:00:00.000,,977e858b-882d-44bb-9659-d9087b3c1147.binning_data.json,62981551,2025-12-06 04:04:59.597,2025-12-06 03:04:40.709,UTC-0300,9cX1oNetDs,,com.sec.android.app.shealth,2025-12-06 03:59:59.999,977e858b-882d-44bb-9659-d9087b3c1147,
62981551,2025-12-06 04:00:00.000,,7152c7cd-02b1-4fe1-9212-0a3d33dd5f92.binning_data.json,62981551,2025-12-06 05:05:18.073,2025-12-06 04:04:59.608,UTC-0300,9cX1oNetDs,,com.sec.android.app.shealth,2025-12-06 04:59:59.999,7152c7cd-02b1-4fe1-9212-0a3d33dd5f92,
62981551,2025-12-06 05:00:00.000,,58aaf66a-ea5e-43a9-b24e-a71ac7b153f8.binning_data.json,62981551,2025-12-06 06:05:36.804,2025-12-06 05:05:18.083,UTC-0300,9cX1oNetDs,,com.sec.android.app.shealth,2025-12-06 05:59:59.999,58aaf66a-ea5e-43a9-b24e-a71ac7b153f8,
62981551,2025-12-06 06:00:00.000,,374d6814-618e-401c-b534-82174611fb34.binning_data.json,62981551,2025-12-06 07:05:55.172,2025-12-06 06:05:36.848,UTC-0300,9cX1oNetDs,,com.sec.android.app.shealth,2025-12-06 06:59:59.999,374d6814-618e-401c-b534-82174611fb34,
62981551,2025-12-06 07:00:00.000,,aa5b4bb8-0d65-40ca-8133-258a422c9eaf.binning_data.json,62981551,2025-12-06 08:06:13.719,2025-12-06 07:05:55.193,UTC-0300,9cX1oNetDs,,com.sec.android.app.shealth,2025-12-06 07:59:59.999,aa5b4bb8-0d65-40ca-8133-258a422c9eaf,
62981551,2025-12-06 08:00:00.000,,b286c2a8-a193-4faf-ad45-2ed119c7b4bb.binning_data.json,62981551,2025-12-06 09:06:32.519,2025-12-06 08:06:13.728,UTC-0300,9cX1oNetDs,,com.sec.android.app.shealth,2025-12-06 08:59:59.999,b286c2a8-a193-4faf-ad45-2ed119c7b4bb,
62981551,2025-12-06 09:00:00.000,,e964a6b6-cec1-4717-b892-37db9dec4533.binning_data.json,62981551,2025-12-06 10:06:51.028,2025-12-06 09:06:32.575,UTC-0300,9cX1oNetDs,,com.sec.android.app.shealth,2025-12-06 09:59:59.999,e964a6b6-cec1-4717-b892-37db9dec4533,
62981551,2025-12-06 10:00:00.000,,a3044cf8-bc21-4846-bb94-71980a71aa97.binning_data.json,62981551,2025-12-06 11:07:09.638,2025-12-06 10:06:51.119,UTC-0300,9cX1oNetDs,,com.sec.android.app.shealth,2025-12-06 10:59:59.999,a3044cf8-bc21-4846-bb94-71980a71aa97,
62981551,2025-12-06 11:00:00.000,,4a7f87d4-294a-4a2d-a227-3be961b164a9.binning_data.json,62981551,2025-12-06 12:07:28.313,2025-12-06 11:07:09.652,UTC-0300,9cX1oNetDs,,com.sec.android.app.shealth,2025-12-06 11:59:59.999,4a7f87d4-294a-4a2d-a227-3be961b164a9,
62981551,2025-12-06 12:00:00.000,,a941c846-398f-404d-8eaa-9806e94687e6.binning_data.json,62981551,2025-12-06 13:07:46.298,2025-12-06 12:07:28.328,UTC-0300,9cX1oNetDs,,com.sec.android.app.shealth,2025-12-06 12:59:59.999,a941c846-398f-404d-8eaa-9806e94687e6,
62981551,2025-12-06 13:00:00.000,,db5f4d48-3acd-4a74-8869-6505ba9ef858.binning_data.json,62981551,2025-12-06 14:08:04.303,2025-12-06 13:07:46.389,UTC-0300,9cX1oNetDs,,com.sec.android.app.shealth,2025-12-06 13:59:59.999,db5f4d48-3acd-4a74-8869-6505ba9ef858,
62981551,2025-12-06 14:00:00.000,,e9da5635-bd28-4e9e-b377-458f4c8ffd43.binning_data.json,62981551,2025-12-06 15:08:22.936,2025-12-06 14:08:04.315,UTC-0300,9cX1oNetDs,,com.sec.android.app.shealth,2025-12-06 14:59:59.999,e9da5635-bd28-4e9e-b377-458f4c8ffd43,
62981551,2025-12-06 15:00:00.000,,60698e46-0f55-4b01-9bc6-52f41b1d9768.binning_data.json,62981551,2025-12-06 16:08:42.256,2025-12-06 15:08:22.945,UTC-0300,9cX1oNetDs,,com.sec.android.app.shealth,2025-12-06 15:59:59.999,60698e46-0f55-4b01-9bc6-52f41b1d9768,
62981551,2025-12-06 16:00:00.000,,5b91ce45-8cfa-4c82-a77b-25593bd6ef2b.binning_data.json,62981551,2025-12-06 17:08:59.777,2025-12-06 16:08:42.357,UTC-0300,9cX1oNetDs,,com.sec.android.app.shealth,2025-12-06 16:59:59.999,5b91ce45-8cfa-4c82-a77b-25593bd6ef2b,
62981551,2025-12-06 17:00:00.000,,78484899-4478-4de9-9176-3d1c9c5fa076.binning_data.json,62981551,2025-12-06 18:09:18.445,2025-12-06 17:08:59.787,UTC-0300,9cX1oNetDs,,com.sec.android.app.shealth,2025-12-06 17:59:59.999,78484899-4478-4de9-9176-3d1c9c5fa076,
62981551,2025-12-06 18:00:00.000,,a9b857b2-93f3-4b90-9669-8df72b9f3d9a.binning_data.json,62981551,2025-12-06 19:09:37.157,2025-12-06 18:09:18.544,UTC-0300,9cX1oNetDs,,com.sec.android.app.shealth,2025-12-06 18:59:59.999,a9b857b2-93f3-4b90-9669-8df72b9f3d9a,
62981551,2025-12-06 19:00:00.000,,6293ce73-2cbb-4022-b1bb-1dc85f7e5ebe.binning_data.json,62981551,2025-12-06 20:09:55.609,2025-12-06 19:09:37.178,UTC-0300,9cX1oNetDs,,com.sec.android.app.shealth,2025-12-06 19:59:59.999,6293ce73-2cbb-4022-b1bb-1dc85f7e5ebe,
62981551,2025-12-06 20:00:00.000,,f97f1200-ab92-4a84-9cb8-453af3c3941e.binning_data.json,62981551,2025-12-06 21:10:14.959,2025-12-06 20:09:55.618,UTC-0300,9cX1oNetDs,,com.sec.android.app.shealth,2025-12-06 20:59:59.999,f97f1200-ab92-4a84-9cb8-453af3c3941e,
62981551,2025-12-06 21:00:00.000,,05412fc9-1b55-410e-bcce-834f2db5a274.binning_data.json,62981551,2025-12-06 22:10:34.613,2025-12-06 21:10:14.968,UTC-0300,9cX1oNetDs,,com.sec.android.app.shealth,2025-12-06 21:59:59.999,05412fc9-1b55-410e-bcce-834f2db5a274,
62981551,2025-12-06 22:00:00.000,,f85c14fe-d632-475c-b537-20b7612f8075.binning_data.json,62981551,2025-12-06 23:10:54.067,2025-12-06 22:10:34.623,UTC-0300,9cX1oNetDs,,com.sec.android.app.shealth,2025-12-06 22:59:59.999,f85c14fe-d632-475c-b537-20b7612f8075,
62981551,2025-12-06 23:00:00.000,,ef36e9a9-b05d-40ce-a752-71b76bbdd3b9.binning_data.json,62981551,2025-12-07 00:11:12.768,2025-12-06 23:10:54.077,UTC-0300,9cX1oNetDs,,com.sec.android.app.shealth,2025-12-06 23:59:59.999,ef36e9a9-b05d-40ce-a752-71b76bbdd3b9,
62981551,2025-12-07 00:00:00.000,,eb473e04-1bd2-43fd-ba69-b9b5ef097038.binning_data.json,62981551,2025-12-07 00:26:21.678,2025-12-07 00:11:12.795,UTC-0300,9cX1oNetDs,,com.sec.android.app.shealth,2025-12-07 00:30:59.999,eb473e04-1bd2-43fd-ba69-b9b5ef097038,
62981551,2025-12-09 20:07:00.000,,10ef0fc5-dcd2-4f2a-95d8-f6153622c45b.binning_data.json,62981551,2025-12-09 21:07:55.875,2025-12-09 20:27:39.810,UTC-0300,9cX1oNetDs,,com.sec.android.app.shealth,2025-12-09 20:59:59.999,10ef0fc5-dcd2-4f2a-95d8-f6153622c45b,
62981551,2025-12-09 21:00:00.000,,96f5abaa-6a25-4bce-8ba2-2121f524c487.binning_data.json,62981551,2025-12-09 21:48:10.161,2025-12-09 21:07:55.919,UTC-0300,9cX1oNetDs,,com.sec.android.app.shealth,2025-12-09 21:47:59.999,96f5abaa-6a25-4bce-8ba2-2121f524c487,
62981551,2025-12-09 22:21:00.000,,eaf14ffa-1adf-4365-b3eb-559e77404995.binning_data.json,62981551,2025-12-09 23:01:37.154,2025-12-09 22:41:30.699,UTC-0300,9cX1oNetDs,,com.sec.android.app.shealth,2025-12-09 22:59:59.999,eaf14ffa-1adf-4365-b3eb-559e77404995,
62981551,2025-12-09 23:00:00.000,,dc384156-246b-4881-981a-55f937ddc981.binning_data.json,62981551,2025-12-10 00:01:56.705,2025-12-09 23:01:37.163,UTC-0300,9cX1oNetDs,,com.sec.android.app.shealth,2025-12-09 23:59:59.999,dc384156-246b-4881-981a-55f937ddc981,
62981551,2025-12-10 00:00:00.000,,145b1a1a-a153-457d-9f98-30789873defe.binning_data.json,62981551,2025-12-10 01:02:16.427,2025-12-10 00:01:56.780,UTC-0300,9cX1oNetDs,,com.sec.android.app.shealth,2025-12-10 00:59:59.999,145b1a1a-a153-457d-9f98-30789873defe,
62981551,2025-12-10 01:00:00.000,,8006ad86-2fc1-42c0-bed0-fc3dcd87b839.binning_data.json,62981551,2025-12-10 02:02:36.296,2025-12-10 01:02:16.503,UTC-0300,9cX1oNetDs,,com.sec.android.app.shealth,2025-12-10 01:59:59.999,8006ad86-2fc1-42c0-bed0-fc3dcd87b839,
62981551,2025-12-10 02:00:00.000,,3a0b103c-caa4-4ffd-bffa-e937e5b38e09.binning_data.json,62981551,2025-12-10 03:02:55.799,2025-12-10 02:02:36.380,UTC-0300,9cX1oNetDs,,com.sec.android.app.shealth,2025-12-10 02:59:59.999,3a0b103c-caa4-4ffd-bffa-e937e5b38e09,
62981551,2025-12-10 03:00:00.000,,e4587ca2-a2df-4c27-b563-c3ba07c67ede.binning_data.json,62981551,2025-12-10 04:03:16.106,2025-12-10 03:02:55.809,UTC-0300,9cX1oNetDs,,com.sec.android.app.shealth,2025-12-10 03:59:59.999,e4587ca2-a2df-4c27-b563-c3ba07c67ede,
62981551,2025-12-10 04:00:00.000,,01e0d8df-ca07-4db3-b606-3bfb3f16d82f.binning_data.json,62981551,2025-12-10 05:03:36.070,2025-12-10 04:03:16.194,UTC-0300,9cX1oNetDs,,com.sec.android.app.shealth,2025-12-10 04:59:59.999,01e0d8df-ca07-4db3-b606-3bfb3f16d82f,
62981551,2025-12-10 05:00:00.000,,4b1a5c9b-be1e-49be-93ce-6745b2c29776.binning_data.json,62981551,2025-12-10 06:03:55.190,2025-12-10 05:03:36.115,UTC-0300,9cX1oNetDs,,com.sec.android.app.shealth,2025-12-10 05:59:59.999,4b1a5c9b-be1e-49be-93ce-6745b2c29776,
62981551,2025-12-10 06:00:00.000,,416b659d-5125-468a-a083-81e3d587d2d5.binning_data.json,62981551,2025-12-10 07:04:14.391,2025-12-10 06:03:55.208,UTC-0300,9cX1oNetDs,,com.sec.android.app.shealth,2025-12-10 06:59:59.999,416b659d-5125-468a-a083-81e3d587d2d5,
62981551,2025-12-10 07:00:00.000,,b98f0171-67f6-4f86-b7f9-0ec6d5be55b9.binning_data.json,62981551,2025-12-10 08:04:33.382,2025-12-10 07:04:14.403,UTC-0300,9cX1oNetDs,,com.sec.android.app.shealth,2025-12-10 07:59:59.999,b98f0171-67f6-4f86-b7f9-0ec6d5be55b9,
62981551,2025-12-10 08:00:00.000,,710cd514-435d-4dc6-89b8-a8e1d91dac99.binning_data.json,62981551,2025-12-10 09:04:51.865,2025-12-10 08:04:33.397,UTC-0300,9cX1oNetDs,,com.sec.android.app.shealth,2025-12-10 08:59:59.999,710cd514-435d-4dc6-89b8-a8e1d91dac99,
62981551,2025-12-10 09:00:00.000,,10b9acc4-fe48-4a43-b69e-57203040dde2.binning_data.json,62981551,2025-12-10 10:05:10.935,2025-12-10 09:04:51.892,UTC-0300,9cX1oNetDs,,com.sec.android.app.shealth,2025-12-10 09:59:59.999,10b9acc4-fe48-4a43-b69e-57203040dde2,
62981551,2025-12-10 10:00:00.000,,37c8f648-282b-45bd-b22e-18b1ecf00e5f.binning_data.json,62981551,2025-12-10 11:05:30.076,2025-12-10 10:05:11.010,UTC-0300,9cX1oNetDs,,com.sec.android.app.shealth,2025-12-10 10:59:59.999,37c8f648-282b-45bd-b22e-18b1ecf00e5f,
62981551,2025-12-10 11:00:00.000,,546dc7a8-a2c3-4542-87fb-ba97b2d0150a.binning_data.json,62981551,2025-12-10 12:05:49.376,2025-12-10 11:05:30.139,UTC-0300,9cX1oNetDs,,com.sec.android.app.shealth,2025-12-10 11:59:59.999,546dc7a8-a2c3-4542-87fb-ba97b2d0150a,
62981551,2025-12-10 12:00:00.000,,67b7a2da-3f56-41ed-ac2f-462bd812467d.binning_data.json,62981551,2025-12-10 13:06:08.978,2025-12-10 12:05:49.390,UTC-0300,9cX1oNetDs,,com.sec.android.app.shealth,2025-12-10 12:59:59.999,67b7a2da-3f56-41ed-ac2f-462bd812467d,
62981551,2025-12-10 13:00:00.000,,15b180b7-b4c9-421f-ad3e-7ede2c8f987f.binning_data.json,62981551,2025-12-10 14:06:27.881,2025-12-10 13:06:08.988,UTC-0300,9cX1oNetDs,,com.sec.android.app.shealth,2025-12-10 13:59:59.999,15b180b7-b4c9-421f-ad3e-7ede2c8f987f,
62981551,2025-12-10 14:00:00.000,,ccad5115-5538-4da8-91ee-86e6c894252e.binning_data.json,62981551,2025-12-10 15:06:47.476,2025-12-10 14:06:27.892,UTC-0300,9cX1oNetDs,,com.sec.android.app.shealth,2025-12-10 14:59:59.999,ccad5115-5538-4da8-91ee-86e6c894252e,
62981551,2025-12-10 15:00:00.000,,2b45f4c4-daf9-4ecb-b012-681361298167.binning_data.json,62981551,2025-12-10 16:07:07.327,2025-12-10 15:06:47.485,UTC-0300,9cX1oNetDs,,com.sec.android.app.shealth,2025-12-10 15:59:59.999,2b45f4c4-daf9-4ecb-b012-681361298167,
62981551,2025-12-10 16:00:00.000,,c3ce5030-0398-422a-88fc-74132d914a78.binning_data.json,62981551,2025-12-10 17:07:27.060,2025-12-10 16:07:07.338,UTC-0300,9cX1oNetDs,,com.sec.android.app.shealth,2025-12-10 16:59:59.999,c3ce5030-0398-422a-88fc-74132d914a78,
62981551,2025-12-10 17:00:00.000,,99a4ac95-1c2c-40ea-9bd8-378e1e54a315.binning_data.json,62981551,2025-12-10 18:07:52.816,2025-12-10 17:07:27.082,UTC-0300,9cX1oNetDs,,com.sec.android.app.shealth,2025-12-10 17:59:59.999,99a4ac95-1c2c-40ea-9bd8-378e1e54a315,
62981551,2025-12-10 18:00:00.000,,83c3bb8e-910e-4324-826b-6a47f4de432c.binning_data.json,62981551,2025-12-10 19:08:11.344,2025-12-10 18:07:52.880,UTC-0300,9cX1oNetDs,,com.sec.android.app.shealth,2025-12-10 18:59:59.999,83c3bb8e-910e-4324-826b-6a47f4de432c,
62981551,2025-12-10 19:00:00.000,,3c30cff6-b4db-482a-b7f2-ef0ce5a8baac.binning_data.json,62981551,2025-12-10 19:48:23.418,2025-12-10 19:08:11.360,UTC-0300,9cX1oNetDs,,com.sec.android.app.shealth,2025-12-10 19:47:59.999,3c30cff6-b4db-482a-b7f2-ef0ce5a8baac,
62981551,2025-12-11 02:10:00.000,,8fec04d8-e27c-4918-a8dc-51e0a82f7179.binning_data.json,62981551,2025-12-11 03:10:54.924,2025-12-11 02:30:51.589,UTC-0300,9cX1oNetDs,,com.sec.android.app.shealth,2025-12-11 02:59:59.999,8fec04d8-e27c-4918-a8dc-51e0a82f7179,
62981551,2025-12-11 03:00:00.000,,2cfef85e-0432-4a3c-9f6d-f7a5f3ff6ad5.binning_data.json,62981551,2025-12-11 04:10:59.994,2025-12-11 03:10:54.931,UTC-0300,9cX1oNetDs,,com.sec.android.app.shealth,2025-12-11 03:59:59.999,2cfef85e-0432-4a3c-9f6d-f7a5f3ff6ad5,
62981551,2025-12-11 04:00:00.000,,e07a9a30-4872-4f4c-85de-e9e831cd76e5.binning_data.json,62981551,2025-12-11 05:11:11.435,2025-12-11 04:11:00.007,UTC-0300,9cX1oNetDs,,com.sec.android.app.shealth,2025-12-11 04:59:59.999,e07a9a30-4872-4f4c-85de-e9e831cd76e5,
62981551,2025-12-11 05:00:00.000,,63a04411-0f59-490c-8a70-e2ae453d5fd0.binning_data.json,62981551,2025-12-11 06:11:30.274,2025-12-11 05:11:11.551,UTC-0300,9cX1oNetDs,,com.sec.android.app.shealth,2025-12-11 05:59:59.999,63a04411-0f59-490c-8a70-e2ae453d5fd0,
62981551,2025-12-11 06:00:00.000,,5b94eb36-3b2a-4b94-b924-06d6a4ac34ea.binning_data.json,62981551,2025-12-11 07:11:49.197,2025-12-11 06:11:30.350,UTC-0300,9cX1oNetDs,,com.sec.android.app.shealth,2025-12-11 06:59:59.999,5b94eb36-3b2a-4b94-b924-06d6a4ac34ea,
62981551,2025-12-11 07:00:00.000,,2d4bbdcb-76b5-4f9c-bc31-c8c3d10cf943.binning_data.json,62981551,2025-12-11 08:12:07.924,2025-12-11 07:11:49.225,UTC-0300,9cX1oNetDs,,com.sec.android.app.shealth,2025-12-11 07:59:59.999,2d4bbdcb-76b5-4f9c-bc31-c8c3d10cf943,
62981551,2025-12-11 08:00:00.000,,61ccd306-eae5-4572-beb3-fdff4fadf5f8.binning_data.json,62981551,2025-12-11 09:12:26.392,2025-12-11 08:12:07.933,UTC-0300,9cX1oNetDs,,com.sec.android.app.shealth,2025-12-11 08:59:59.999,61ccd306-eae5-4572-beb3-fdff4fadf5f8,
62981551,2025-12-11 09:00:00.000,,1ea34ff6-6833-4b09-815d-574c2d5064f3.binning_data.json,62981551,2025-12-11 10:12:45.150,2025-12-11 09:12:26.401,UTC-0300,9cX1oNetDs,,com.sec.android.app.shealth,2025-12-11 09:59:59.999,1ea34ff6-6833-4b09-815d-574c2d5064f3,
62981551,2025-12-11 10:00:00.000,,f006ba37-55de-4d27-9b26-6b898fd41d5b.binning_data.json,62981551,2025-12-11 11:13:04.203,2025-12-11 10:12:45.158,UTC-0300,9cX1oNetDs,,com.sec.android.app.shealth,2025-12-11 10:59:59.999,f006ba37-55de-4d27-9b26-6b898fd41d5b,
62981551,2025-12-11 11:00:00.000,,905cdc26-5909-4fac-955d-da9eb044345f.binning_data.json,62981551,2025-12-11 12:13:23.557,2025-12-11 11:13:04.277,UTC-0300,9cX1oNetDs,,com.sec.android.app.shealth,2025-12-11 11:59:59.999,905cdc26-5909-4fac-955d-da9eb044345f,
62981551,2025-12-11 12:00:00.000,,c5c48f51-3533-4539-8910-b53d009891d3.binning_data.json,62981551,2025-12-11 13:13:43.664,2025-12-11 12:13:23.566,UTC-0300,9cX1oNetDs,,com.sec.android.app.shealth,2025-12-11 12:59:59.999,c5c48f51-3533-4539-8910-b53d009891d3,
62981551,2025-12-11 13:00:00.000,,d0156f9f-3c33-41a9-a739-1ad931fa0df9.binning_data.json,62981551,2025-12-11 14:14:03.788,2025-12-11 13:13:43.673,UTC-0300,9cX1oNetDs,,com.sec.android.app.shealth,2025-12-11 13:59:59.999,d0156f9f-3c33-41a9-a739-1ad931fa0df9,
62981551,2025-12-11 14:00:00.000,,3833b368-ab63-4c2d-b19e-21928d8391d2.binning_data.json,62981551,2025-12-11 15:14:23.187,2025-12-11 14:14:03.873,UTC-0300,9cX1oNetDs,,com.sec.android.app.shealth,2025-12-11 14:59:59.999,3833b368-ab63-4c2d-b19e-21928d8391d2,
62981551,2025-12-11 15:00:00.000,,2b0cb73c-97a9-4fe7-a5af-8c21b6113640.binning_data.json,62981551,2025-12-11 16:14:42.568,2025-12-11 15:14:23.195,UTC-0300,9cX1oNetDs,,com.sec.android.app.shealth,2025-12-11 15:59:59.999,2b0cb73c-97a9-4fe7-a5af-8c21b6113640,
62981551,2025-12-11 16:00:00.000,,4c671955-3f14-4f1d-bc7f-8f2d8f3c91d3.binning_data.json,62981551,2025-12-11 17:15:01.066,2025-12-11 16:14:42.576,UTC-0300,9cX1oNetDs,,com.sec.android.app.shealth,2025-12-11 16:59:59.999,4c671955-3f14-4f1d-bc7f-8f2d8f3c91d3,
62981551,2025-12-11 17:00:00.000,,9fc97190-f834-4ec7-b849-27b4320e9ea6.binning_data.json,62981551,2025-12-11 18:15:20.939,2025-12-11 17:15:01.076,UTC-0300,9cX1oNetDs,,com.sec.android.app.shealth,2025-12-11 17:59:59.999,9fc97190-f834-4ec7-b849-27b4320e9ea6,
62981551,2025-12-11 18:00:00.000,,3437c058-9dd9-4362-9b50-9e2571ff4b04.binning_data.json,62981551,2025-12-11 19:15:41.051,2025-12-11 18:15:20.948,UTC-0300,9cX1oNetDs,,com.sec.android.app.shealth,2025-12-11 18:59:59.999,3437c058-9dd9-4362-9b50-9e2571ff4b04,
62981551,2025-12-11 19:00:00.000,,475d9d1a-39e1-4734-a826-e0abcdcbbd91.binning_data.json,62981551,2025-12-11 20:16:00.695,2025-12-11 19:15:41.060,UTC-0300,9cX1oNetDs,,com.sec.android.app.shealth,2025-12-11 19:59:59.999,475d9d1a-39e1-4734-a826-e0abcdcbbd91,
62981551,2025-12-11 20:00:00.000,,f237196a-d924-4ea3-b31e-96a8d289dea3.binning_data.json,62981551,2025-12-11 21:16:19.668,2025-12-11 20:16:00.704,UTC-0300,9cX1oNetDs,,com.sec.android.app.shealth,2025-12-11 20:59:59.999,f237196a-d924-4ea3-b31e-96a8d289dea3,
62981551,2025-12-11 21:00:00.000,,d43c24ca-8dc7-42df-a968-2b042b5c3ed5.binning_data.json,62981551,2025-12-11 22:16:39.143,2025-12-11 21:16:19.752,UTC-0300,9cX1oNetDs,,com.sec.android.app.shealth,2025-12-11 21:59:59.999,d43c24ca-8dc7-42df-a968-2b042b5c3ed5,
62981551,2025-12-11 22:00:00.000,,11ef16fe-28fa-43da-b9a7-d254162b2ea9.binning_data.json,62981551,2025-12-11 23:16:59.044,2025-12-11 22:16:39.153,UTC-0300,9cX1oNetDs,,com.sec.android.app.shealth,2025-12-11 22:59:59.999,11ef16fe-28fa-43da-b9a7-d254162b2ea9,
62981551,2025-12-11 23:00:00.000,,ab5d0474-5471-4146-8346-98212d79d601.binning_data.json,62981551,2025-12-12 00:17:26.220,2025-12-11 23:16:59.053,UTC-0300,9cX1oNetDs,,com.sec.android.app.shealth,2025-12-11 23:59:59.999,ab5d0474-5471-4146-8346-98212d79d601,
62981551,2025-12-12 00:00:00.000,,3bbd2d3a-3035-47e8-9de5-709350331323.binning_data.json,62981551,2025-12-12 01:17:45.712,2025-12-12 00:17:26.237,UTC-0300,9cX1oNetDs,,com.sec.android.app.shealth,2025-12-12 00:59:59.999,3bbd2d3a-3035-47e8-9de5-709350331323,
62981551,2025-12-12 01:00:00.000,,d19683e3-c3fd-40ca-9b6f-0a2db38d7e60.binning_data.json,62981551,2025-12-12 01:49:42.722,2025-12-12 01:17:45.721,UTC-0300,9cX1oNetDs,,com.sec.android.app.shealth,2025-12-12 01:57:59.999,d19683e3-c3fd-40ca-9b6f-0a2db38d7e60,
62981551,2025-12-12 12:54:00.000,,9ef47c38-8ea0-404a-871a-46cd1e697ecc.binning_data.json,62981551,2025-12-12 13:14:40.650,2025-12-12 13:14:40.650,UTC-0300,9cX1oNetDs,,com.sec.android.app.shealth,2025-12-12 12:59:59.999,9ef47c38-8ea0-404a-871a-46cd1e697ecc,
62981551,2025-12-12 13:00:00.000,,dc6d5020-dda8-445a-b28a-9f5ee0c2d09f.binning_data.json,62981551,2025-12-12 14:15:00.805,2025-12-12 13:14:40.672,UTC-0300,9cX1oNetDs,,com.sec.android.app.shealth,2025-12-12 13:59:59.999,dc6d5020-dda8-445a-b28a-9f5ee0c2d09f,
62981551,2025-12-12 14:00:00.000,,5defc44f-474a-4a47-8abd-066cf0036a74.binning_data.json,62981551,2025-12-12 15:15:20.674,2025-12-12 14:15:00.860,UTC-0300,9cX1oNetDs,,com.sec.android.app.shealth,2025-12-12 14:59:59.999,5defc44f-474a-4a47-8abd-066cf0036a74,
62981551,2025-12-12 15:00:00.000,,7d681b50-c719-4285-92b5-c660d61802ea.binning_data.json,62981551,2025-12-12 16:15:41.024,2025-12-12 15:15:20.686,UTC-0300,9cX1oNetDs,,com.sec.android.app.shealth,2025-12-12 15:59:59.999,7d681b50-c719-4285-92b5-c660d61802ea,
62981551,2025-12-12 16:00:00.000,,6e659513-24b9-4892-a645-7e63a24553f8.binning_data.json,62981551,2025-12-12 17:16:01.236,2025-12-12 16:15:41.033,UTC-0300,9cX1oNetDs,,com.sec.android.app.shealth,2025-12-12 16:59:59.999,6e659513-24b9-4892-a645-7e63a24553f8,
62981551,2025-12-12 17:00:00.000,,8b1437af-d0c8-4652-a048-c0b492b1263d.binning_data.json,62981551,2025-12-12 18:16:21.175,2025-12-12 17:16:01.245,UTC-0300,9cX1oNetDs,,com.sec.android.app.shealth,2025-12-12 17:59:59.999,8b1437af-d0c8-4652-a048-c0b492b1263d,
62981551,2025-12-12 18:00:00.000,,b83c5b00-2285-4a2b-b81c-cd66ebf82b5e.binning_data.json,62981551,2025-12-12 18:31:06.028,2025-12-12 18:16:21.185,UTC-0300,9cX1oNetDs,,com.sec.android.app.shealth,2025-12-12 18:36:59.999,b83c5b00-2285-4a2b-b81c-cd66ebf82b5e,
62981551,2025-12-12 19:14:00.000,,f1f434db-fcdd-4a41-bb22-c8ad92c5ab12.binning_data.json,62981551,2025-12-12 20:14:34.904,2025-12-12 19:34:21.818,UTC-0300,9cX1oNetDs,,com.sec.android.app.shealth,2025-12-12 19:59:59.999,f1f434db-fcdd-4a41-bb22-c8ad92c5ab12,
62981551,2025-12-12 20:00:00.000,,a76783dd-3233-44d3-af21-69c18d8619ae.binning_data.json,62981551,2025-12-12 21:14:55.109,2025-12-12 20:14:34.912,UTC-0300,9cX1oNetDs,,com.sec.android.app.shealth,2025-12-12 20:59:59.999,a76783dd-3233-44d3-af21-69c18d8619ae,
62981551,2025-12-12 21:00:00.000,,fe07d306-642a-4c74-8327-363bf45c626c.binning_data.json,62981551,2025-12-12 22:15:14.575,2025-12-12 21:14:55.117,UTC-0300,9cX1oNetDs,,com.sec.android.app.shealth,2025-12-12 21:59:59.999,fe07d306-642a-4c74-8327-363bf45c626c,
62981551,2025-12-12 22:00:00.000,,fb976cb8-0503-48aa-99d8-ecc2d6534431.binning_data.json,62981551,2025-12-12 23:05:24.495,2025-12-12 22:15:14.597,UTC-0300,9cX1oNetDs,,com.sec.android.app.shealth,2025-12-12 22:59:59.999,fb976cb8-0503-48aa-99d8-ecc2d6534431,
62981551,2025-12-12 23:00:00.000,,c83b1cc4-91b9-48e7-9fab-c82ac99e05fa.binning_data.json,62981551,2025-12-13 00:05:43.851,2025-12-12 23:05:24.605,UTC-0300,9cX1oNetDs,,com.sec.android.app.shealth,2025-12-12 23:59:59.999,c83b1cc4-91b9-48e7-9fab-c82ac99e05fa,
62981551,2025-12-13 00:00:00.000,,be370c81-c1b9-4ad7-aaac-8ac57c95a149.binning_data.json,62981551,2025-12-13 01:06:03.526,2025-12-13 00:05:43.861,UTC-0300,9cX1oNetDs,,com.sec.android.app.shealth,2025-12-13 00:59:59.999,be370c81-c1b9-4ad7-aaac-8ac57c95a149,
62981551,2025-12-13 01:00:00.000,,edf96f52-ee0c-4d6e-91fe-de1dbafa9e58.binning_data.json,62981551,2025-12-13 02:06:23.561,2025-12-13 01:06:03.534,UTC-0300,9cX1oNetDs,,com.sec.android.app.shealth,2025-12-13 01:59:59.999,edf96f52-ee0c-4d6e-91fe-de1dbafa9e58,
62981551,2025-12-13 02:00:00.000,,16513056-9a72-4d1e-95be-f186fce11ffe.binning_data.json,62981551,2025-12-13 03:06:42.523,2025-12-13 02:06:23.569,UTC-0300,9cX1oNetDs,,com.sec.android.app.shealth,2025-12-13 02:59:59.999,16513056-9a72-4d1e-95be-f186fce11ffe,
62981551,2025-12-13 03:00:00.000,,131cfd65-fac0-4f96-a3d5-f465f8072aa7.binning_data.json,62981551,2025-12-13 04:07:02.267,2025-12-13 03:06:42.595,UTC-0300,9cX1oNetDs,,com.sec.android.app.shealth,2025-12-13 03:59:59.999,131cfd65-fac0-4f96-a3d5-f465f8072aa7,
62981551,2025-12-13 04:00:00.000,,036f2458-a88e-4117-a0e2-ebe72ef032d0.binning_data.json,62981551,2025-12-13 05:07:21.304,2025-12-13 04:07:02.290,UTC-0300,9cX1oNetDs,,com.sec.android.app.shealth,2025-12-13 04:59:59.999,036f2458-a88e-4117-a0e2-ebe72ef032d0,
62981551,2025-12-13 05:00:00.000,,99728620-e140-4f58-95f3-69e60819c531.binning_data.json,62981551,2025-12-13 06:07:40.391,2025-12-13 05:07:21.313,UTC-0300,9cX1oNetDs,,com.sec.android.app.shealth,2025-12-13 05:59:59.999,99728620-e140-4f58-95f3-69e60819c531,
62981551,2025-12-13 06:00:00.000,,352965f9-a7d8-4e31-9131-92755060c631.binning_data.json,62981551,2025-12-13 07:07:59.463,2025-12-13 06:07:40.399,UTC-0300,9cX1oNetDs,,com.sec.android.app.shealth,2025-12-13 06:59:59.999,352965f9-a7d8-4e31-9131-92755060c631,
62981551,2025-12-13 07:00:00.000,,1bde7a63-f960-481d-8e5e-6aea88adc3d1.binning_data.json,62981551,2025-12-13 08:08:18.276,2025-12-13 07:07:59.492,UTC-0300,9cX1oNetDs,,com.sec.android.app.shealth,2025-12-13 07:59:59.999,1bde7a63-f960-481d-8e5e-6aea88adc3d1,
62981551,2025-12-13 08:00:00.000,,78275178-e7a7-4646-9b1e-0de87aad37f8.binning_data.json,62981551,2025-12-13 09:08:37.379,2025-12-13 08:08:18.385,UTC-0300,9cX1oNetDs,,com.sec.android.app.shealth,2025-12-13 08:59:59.999,78275178-e7a7-4646-9b1e-0de87aad37f8,
62981551,2025-12-13 09:00:00.000,,42e895a3-c6d8-4fdc-b90c-bf012a3308e9.binning_data.json,62981551,2025-12-13 10:08:55.923,2025-12-13 09:08:37.402,UTC-0300,9cX1oNetDs,,com.sec.android.app.shealth,2025-12-13 09:59:59.999,42e895a3-c6d8-4fdc-b90c-bf012a3308e9,
62981551,2025-12-13 10:00:00.000,,4f463df1-5a10-4897-ad62-d99b80ed48ae.binning_data.json,62981551,2025-12-13 11:09:14.392,2025-12-13 10:08:55.986,UTC-0300,9cX1oNetDs,,com.sec.android.app.shealth,2025-12-13 10:59:59.999,4f463df1-5a10-4897-ad62-d99b80ed48ae,
62981551,2025-12-13 11:00:00.000,,becb15bb-25f1-4ca3-b1ea-d3118aac6bd9.binning_data.json,62981551,2025-12-13 12:09:32.590,2025-12-13 11:09:14.428,UTC-0300,9cX1oNetDs,,com.sec.android.app.shealth,2025-12-13 11:59:59.999,becb15bb-25f1-4ca3-b1ea-d3118aac6bd9,
62981551,2025-12-13 12:00:00.000,,ee58ae19-deda-43e3-9728-8a8afbd8d5db.binning_data.json,62981551,2025-12-13 13:09:51.721,2025-12-13 12:09:32.599,UTC-0300,9cX1oNetDs,,com.sec.android.app.shealth,2025-12-13 12:59:59.999,ee58ae19-deda-43e3-9728-8a8afbd8d5db,
62981551,2025-12-13 13:00:00.000,,35caa4dd-dc7d-47e2-bd4c-beee009dbf69.binning_data.json,62981551,2025-12-13 14:10:10.401,2025-12-13 13:09:51.731,UTC-0300,9cX1oNetDs,,com.sec.android.app.shealth,2025-12-13 13:59:59.999,35caa4dd-dc7d-47e2-bd4c-beee009dbf69,
62981551,2025-12-13 14:00:00.000,,314e6cd2-7acd-420a-8a6f-32835f2d8081.binning_data.json,62981551,2025-12-13 15:10:27.317,2025-12-13 14:10:10.439,UTC-0300,9cX1oNetDs,,com.sec.android.app.shealth,2025-12-13 14:59:59.999,314e6cd2-7acd-420a-8a6f-32835f2d8081,
62981551,2025-12-13 15:00:00.000,,31924b8f-e0b4-410c-9e2d-e0484b575810.binning_data.json,62981551,2025-12-13 16:10:46.971,2025-12-13 15:10:27.326,UTC-0300,9cX1oNetDs,,com.sec.android.app.shealth,2025-12-13 15:59:59.999,31924b8f-e0b4-410c-9e2d-e0484b575810,
62981551,2025-12-13 16:00:00.000,,6e3772fc-3bf8-450b-aef8-f16c788e31d7.binning_data.json,62981551,2025-12-13 17:11:06.043,2025-12-13 16:10:46.981,UTC-0300,9cX1oNetDs,,com.sec.android.app.shealth,2025-12-13 16:59:59.999,6e3772fc-3bf8-450b-aef8-f16c788e31d7,
62981551,2025-12-13 17:00:00.000,,1bbb7db6-e3a1-47bd-b4ad-364ed648ef6b.binning_data.json,62981551,2025-12-13 18:11:24.104,2025-12-13 17:11:06.052,UTC-0300,9cX1oNetDs,,com.sec.android.app.shealth,2025-12-13 17:59:59.999,1bbb7db6-e3a1-47bd-b4ad-364ed648ef6b,
62981551,2025-12-13 18:00:00.000,,01677a5f-85df-4db3-9918-fac5c64e0fa3.binning_data.json,62981551,2025-12-13 19:11:43.326,2025-12-13 18:11:24.113,UTC-0300,9cX1oNetDs,,com.sec.android.app.shealth,2025-12-13 18:59:59.999,01677a5f-85df-4db3-9918-fac5c64e0fa3,
62981551,2025-12-13 19:00:00.000,,0237a63d-201a-488a-865e-496c8b9e0009.binning_data.json,62981551,2025-12-13 20:12:03.422,2025-12-13 19:11:43.336,UTC-0300,9cX1oNetDs,,com.sec.android.app.shealth,2025-12-13 19:59:59.999,0237a63d-201a-488a-865e-496c8b9e0009,
62981551,2025-12-13 20:00:00.000,,659aed0c-9015-4f44-9f94-7e1898a852ec.binning_data.json,62981551,2025-12-13 21:12:23.675,2025-12-13 20:12:03.430,UTC-0300,9cX1oNetDs,,com.sec.android.app.shealth,2025-12-13 20:59:59.999,659aed0c-9015-4f44-9f94-7e1898a852ec,
62981551,2025-12-13 21:00:00.000,,0f7e08f8-a8ee-43af-9c87-e394ddb1a3e7.binning_data.json,62981551,2025-12-13 21:32:30.374,2025-12-13 21:12:23.695,UTC-0300,9cX1oNetDs,,com.sec.android.app.shealth,2025-12-13 21:31:59.999,0f7e08f8-a8ee-43af-9c87-e394ddb1a3e7,
62981551,2025-12-15 23:09:00.000,,c8bdda11-aded-4af5-b2d6-69b3af8b488b.binning_data.json,62981551,2025-12-16 00:10:19.769,2025-12-15 23:29:59.062,UTC-0300,9cX1oNetDs,,com.sec.android.app.shealth,2025-12-15 23:59:59.999,c8bdda11-aded-4af5-b2d6-69b3af8b488b,
62981551,2025-12-16 00:00:00.000,,1f6d381f-f62b-4fa1-9061-68baacb626bb.binning_data.json,62981551,2025-12-16 01:10:50.598,2025-12-16 00:10:19.788,UTC-0300,9cX1oNetDs,,com.sec.android.app.shealth,2025-12-16 00:59:59.999,1f6d381f-f62b-4fa1-9061-68baacb626bb,
62981551,2025-12-16 01:00:00.000,,e2de0d00-e9bb-46c6-acf9-948ec0d49830.binning_data.json,62981551,2025-12-16 01:10:50.620,2025-12-16 01:10:50.620,UTC-0300,9cX1oNetDs,,com.sec.android.app.shealth,2025-12-16 01:09:59.999,e2de0d00-e9bb-46c6-acf9-948ec0d49830,
